{
 "w_data": 12.716362692301022,
 "h_data": 19.754360697213784,
 "markers": {
  "au": {
   "fx": 0.27225689103918704,
   "fy": 0.8397366143782152
  },
  "al": {
   "fx": 0.4263713037586593,
   "fy": 0.2214956291193083
  }
 }
}