{
 "w_data": 12.762157394495464,
 "h_data": 19.754360697213784,
 "markers": {
  "au": {
   "fx": 0.2748682660535159,
   "fy": 0.8397366143782152
  },
  "al": {
   "fx": 0.42842966697285134,
   "fy": 0.2214956291193083
  }
 }
}